{
  "model_name": "2D_temperature_1",
  "output_key": "mid-plane_temperature",
  "output_type": "2D",
  "field_name": "temperature",
  "location": "mid-plane",
  "npz_key": "mid-plane|temperature",
  "n_points": 2337,
  "train_metrics": {
    "r2": 0.9976063966751099,
    "rmse": 0.38299279930028995,
    "mae": 0.1528848260641098,
    "r2_per_sample": [
      0.9980568289756775,
      0.9992595911026001,
      0.9985993504524231,
      0.9991769790649414,
      0.9964470267295837,
      0.9994311332702637,
      0.9985703825950623,
      0.9986916780471802,
      0.9994992017745972,
      0.9995614886283875,
      0.9940300583839417,
      0.9973716735839844,
      0.9883651733398438,
      0.9998597502708435,
      0.9996867179870605,
      0.9965122938156128,
      0.9991913437843323,
      0.9992761611938477,
      0.9997172355651855,
      0.99081951379776
    ],
    "r2_mean": 0.9976061791181564,
    "r2_std": 0.0030433543933797553,
    "r2_min": 0.9883651733398438,
    "r2_max": 0.9998597502708435
  },
  "test_metrics": {
    "r2": 0.9646422266960144,
    "rmse": 1.4773356517648466,
    "mae": 0.6407274603843689,
    "r2_per_sample": [
      0.9827870726585388,
      0.944372832775116,
      0.9558606743812561,
      0.9988051652908325,
      0.9408867955207825
    ],
    "r2_mean": 0.9645425081253052,
    "r2_std": 0.022576875739432605,
    "r2_min": 0.9408867955207825,
    "r2_max": 0.9988051652908325
  },
  "trained_date": "2025-11-11T18:54:28.329536",
  "n_train_samples": 20,
  "n_test_samples": 5,
  "n_modes": 8,
  "variance_explained": 0.9977042078971863
}