{
  "model_name": "2D_x-velocity_1",
  "output_key": "mid-plane_x-velocity",
  "output_type": "2D",
  "field_name": "x-velocity",
  "location": "mid-plane",
  "npz_key": "mid-plane|x-velocity",
  "n_points": 2337,
  "train_metrics": {
    "r2": 0.9980471730232239,
    "rmse": 0.014227563326908745,
    "mae": 0.009700295515358448,
    "r2_per_sample": [
      0.9994722604751587,
      0.9965724349021912,
      0.9997318387031555,
      0.9994672536849976,
      0.9676639437675476,
      0.9994742274284363,
      0.9956327080726624,
      0.9778043627738953,
      0.9975852370262146,
      0.997031033039093,
      0.7108737826347351,
      0.9970961809158325,
      0.9828348159790039,
      0.9997226595878601,
      0.9987359642982483,
      0.9957161545753479,
      0.9645519256591797,
      0.9996005296707153,
      0.9976370334625244,
      0.9956936836242676
    ],
    "r2_mean": 0.9786449015140534,
    "r2_std": 0.06231443051684041,
    "r2_min": 0.7108737826347351,
    "r2_max": 0.9997318387031555
  },
  "test_metrics": {
    "r2": 0.9929531216621399,
    "rmse": 0.022092009609155274,
    "mae": 0.015889553353190422,
    "r2_per_sample": [
      0.9973604083061218,
      0.9557416439056396,
      0.6402652263641357,
      0.9984710812568665,
      0.9845677018165588
    ],
    "r2_mean": 0.9152812123298645,
    "r2_std": 0.138368352877087,
    "r2_min": 0.6402652263641357,
    "r2_max": 0.9984710812568665
  },
  "trained_date": "2025-11-11T18:54:49.652950",
  "n_train_samples": 20,
  "n_test_samples": 5,
  "n_modes": 8,
  "variance_explained": 0.9999606013298035
}