{
  "model_name": "2D_y-velocity_1",
  "output_key": "mid-plane_y-velocity",
  "output_type": "2D",
  "field_name": "y-velocity",
  "location": "mid-plane",
  "npz_key": "mid-plane|y-velocity",
  "n_points": 2337,
  "train_metrics": {
    "r2": 0.9964842796325684,
    "rmse": 0.020285978305332745,
    "mae": 0.012323964387178421,
    "r2_per_sample": [
      0.9944954514503479,
      0.9971494674682617,
      0.9684476852416992,
      0.9968665838241577,
      0.9803655743598938,
      0.998053789138794,
      0.9899119734764099,
      0.9944897294044495,
      0.998181939125061,
      0.9980307221412659,
      0.992465078830719,
      0.9961663484573364,
      0.9926972389221191,
      0.9977049231529236,
      0.998746931552887,
      0.9873870015144348,
      0.9904390573501587,
      0.9998430609703064,
      0.9996371865272522,
      0.9938927292823792
    ],
    "r2_mean": 0.9932486236095428,
    "r2_std": 0.00734975554853591,
    "r2_min": 0.9684476852416992,
    "r2_max": 0.9998430609703064
  },
  "test_metrics": {
    "r2": 0.9819855093955994,
    "rmse": 0.04182980712886201,
    "mae": 0.026958873495459557,
    "r2_per_sample": [
      0.9851332902908325,
      0.9606823921203613,
      0.36192232370376587,
      0.9954638481140137,
      0.9512501358985901
    ],
    "r2_mean": 0.8508903980255127,
    "r2_std": 0.24500562167160325,
    "r2_min": 0.36192232370376587,
    "r2_max": 0.9954638481140137
  },
  "trained_date": "2025-11-11T18:55:08.573081",
  "n_train_samples": 20,
  "n_test_samples": 5,
  "n_modes": 8,
  "variance_explained": 0.9997374415397644
}