{
  "model_name": "2D_z-velocity_1",
  "output_key": "mid-plane_z-velocity",
  "output_type": "2D",
  "field_name": "z-velocity",
  "location": "mid-plane",
  "npz_key": "mid-plane|z-velocity",
  "n_points": 2337,
  "train_metrics": {
    "r2": 0.9947549104690552,
    "rmse": 0.0010338953989014704,
    "mae": 0.0003703824186231941,
    "r2_per_sample": [
      0.9978022575378418,
      0.9983991980552673,
      0.9479637145996094,
      0.9975696206092834,
      0.9826707243919373,
      0.9774459004402161,
      0.9983959197998047,
      0.9485328197479248,
      0.9911757707595825,
      0.9962384104728699,
      0.7780925631523132,
      0.9978297352790833,
      0.9724810719490051,
      0.9980442523956299,
      0.9981979131698608,
      0.9925368428230286,
      0.9286879897117615,
      0.9987812638282776,
      0.9989191889762878,
      0.9835065603256226
    ],
    "r2_mean": 0.9741635859012604,
    "r2_std": 0.04916853312755721,
    "r2_min": 0.7780925631523132,
    "r2_max": 0.9989191889762878
  },
  "test_metrics": {
    "r2": 0.9127712845802307,
    "rmse": 0.0040412450747907645,
    "mae": 0.001159085426479578,
    "r2_per_sample": [
      0.9605092406272888,
      0.6299580335617065,
      0.15426301956176758,
      0.9983353018760681,
      0.7799122929573059
    ],
    "r2_mean": 0.7045955777168273,
    "r2_std": 0.30524879150326256,
    "r2_min": 0.15426301956176758,
    "r2_max": 0.9983353018760681
  },
  "trained_date": "2025-11-11T18:55:25.626214",
  "n_train_samples": 20,
  "n_test_samples": 5,
  "n_modes": 8,
  "variance_explained": 0.9982807636260986
}