{
  "model_name": "3D_pressure_1",
  "output_key": "fluid_pressure",
  "output_type": "3D",
  "field_name": "pressure",
  "location": "fluid",
  "npz_key": "fluid|pressure",
  "n_points": 17865,
  "train_metrics": {
    "r2": 0.996803879737854,
    "rmse": 5.841522281765205,
    "mae": 4.114608287811279,
    "r2_per_sample": [
      0.9996899962425232,
      0.9995555281639099,
      0.9870768189430237,
      0.9995279908180237,
      -6.534648418426514,
      0.9756389260292053,
      0.9779768586158752,
      -0.20824038982391357,
      0.9972507357597351,
      0.9988737106323242,
      0.9368405938148499,
      0.992518961429596,
      0.9172512292861938,
      0.9962518811225891,
      0.9992353320121765,
      0.9768931269645691,
      -0.7903532981872559,
      0.9974310398101807,
      0.9998493790626526,
      0.9860613942146301
    ],
    "r2_mean": 0.46023406982421877,
    "r2_std": 1.6676643563623772,
    "r2_min": -6.534648418426514,
    "r2_max": 0.9998493790626526
  },
  "test_metrics": {
    "r2": 0.9691638350486755,
    "rmse": 12.686630444724699,
    "mae": 8.68663215637207,
    "r2_per_sample": [
      0.9972111582756042,
      0.21187835931777954,
      -35.73670959472656,
      0.9846102595329285,
      0.6927458047866821
    ],
    "r2_mean": -6.570052802562714,
    "r2_std": 14.58611065474326,
    "r2_min": -35.73670959472656,
    "r2_max": 0.9972111582756042
  },
  "trained_date": "2025-11-11T18:56:13.360463",
  "n_train_samples": 20,
  "n_test_samples": 5,
  "n_modes": 12,
  "variance_explained": 0.9999998807907104
}