{
  "model_name": "3D_temperature_1",
  "output_key": "fluid_temperature",
  "output_type": "3D",
  "field_name": "temperature",
  "location": "fluid",
  "npz_key": "fluid|temperature",
  "n_points": 17865,
  "train_metrics": {
    "r2": 0.9994224309921265,
    "rmse": 0.1483971704106109,
    "mae": 0.05764096602797508,
    "r2_per_sample": [
      0.9995948672294617,
      0.9989169239997864,
      0.9997633099555969,
      0.9996053576469421,
      0.9998782873153687,
      0.9999028444290161,
      0.9996265769004822,
      0.9996205568313599,
      0.9992824196815491,
      0.9996966123580933,
      0.9993342161178589,
      0.99843430519104,
      0.9993656873703003,
      0.9992998838424683,
      0.9999567270278931,
      0.9988189339637756,
      0.9996501207351685,
      0.9990734457969666,
      0.9997737407684326,
      0.9989038705825806
    ],
    "r2_mean": 0.999424934387207,
    "r2_std": 0.00040417611729719964,
    "r2_min": 0.99843430519104,
    "r2_max": 0.9999567270278931
  },
  "test_metrics": {
    "r2": 0.9639540314674377,
    "rmse": 1.1859900260621694,
    "mae": 0.4638843536376953,
    "r2_per_sample": [
      0.9824010133743286,
      0.9409157037734985,
      0.9338042736053467,
      0.9990869760513306,
      0.9636619687080383
    ],
    "r2_mean": 0.9639739871025086,
    "r2_std": 0.024553902696730977,
    "r2_min": 0.9338042736053467,
    "r2_max": 0.9990869760513306
  },
  "trained_date": "2025-11-11T18:55:49.437659",
  "n_train_samples": 20,
  "n_test_samples": 5,
  "n_modes": 12,
  "variance_explained": 0.9997255802154541
}