{
  "model_name": "1D_temperature_1",
  "output_key": "avg-outlet-temp_temperature",
  "output_type": "1D",
  "field_name": "temperature",
  "location": "avg-outlet-temp",
  "npz_key": "avg-outlet-temp|temperature",
  "n_points": 1,
  "train_metrics": {
    "r2": 0.991741024713949,
    "rmse": 0.3032545731466886,
    "mae": 0.23103606395233248,
    "mae_per_sample": [
      0.03228759765630684,
      0.53631591796875,
      0.20684814453130684,
      0.6283264160156818,
      0.6414794921875,
      0.132293701171875,
      0.113555908203125,
      0.04617309570318184,
      0.00506591796875,
      0.2333984375,
      0.446990966796875,
      0.37908935546875,
      0.1162109375,
      0.11679077148443184,
      0.228118896484375,
      0.397216796875,
      0.06158447265625,
      0.064697265625,
      0.32238769531244316,
      0.126983642578125,
      0.016815185546931843,
      0.0479736328125,
      0.5347900390625568,
      0.070648193359375,
      0.571624755859375,
      0.099853515625,
      0.31143188476568184,
      0.632720947265625,
      0.05813598632818184,
      0.10644531249994316,
      0.5143127441405682,
      0.12893676757806816,
      0.202667236328125,
      0.0908203125,
      0.18063354492193184,
      0.3243408203125,
      0.05682373046875,
      0.196380615234375,
      0.02923583984375
    ],
    "mae_std": 0.1964323631375289,
    "mae_min": 0.00506591796875,
    "mae_max": 0.6414794921875
  },
  "test_metrics": {
    "r2": 0.9960249723788815,
    "rmse": 0.15009193483961744,
    "mae": 0.10914916992185227,
    "mae_per_sample": [
      0.00701904296875,
      0.04913330078119316,
      0.07647705078119316,
      0.130828857421875,
      0.370880126953125,
      0.12274169921869316,
      0.10269165039056816,
      0.020477294921875,
      0.18914794921875,
      0.0220947265625
    ],
    "mae_std": 0.10302450004377886,
    "mae_min": 0.00701904296875,
    "mae_max": 0.370880126953125
  },
  "trained_date": "2025-11-12T12:18:09.982201",
  "n_train_samples": 39,
  "n_test_samples": 10
}