{
  "model_name": "2D_temperature_1",
  "output_key": "mid-plane_temperature",
  "output_type": "2D",
  "field_name": "temperature",
  "location": "mid-plane",
  "npz_key": "mid-plane|temperature",
  "n_points": 2337,
  "train_metrics": {
    "r2": 0.9979196786880493,
    "rmse": 0.36134214631790107,
    "mae": 0.16047517955303192,
    "r2_per_sample": [
      0.9927540421485901,
      0.9994887709617615,
      0.9991547465324402,
      0.9974717497825623,
      0.999301552772522,
      0.9977294206619263,
      0.999455451965332,
      0.9992055892944336,
      0.9993517994880676,
      0.9985837340354919,
      0.9982213973999023,
      0.9993725419044495,
      0.9992082118988037,
      0.9996873140335083,
      0.997347891330719,
      0.9987400770187378,
      0.9987503290176392,
      0.9992955327033997,
      0.9993821978569031,
      0.9953435659408569,
      0.9981595277786255,
      0.9923055171966553,
      0.9989342093467712,
      0.995213508605957,
      0.9993675351142883,
      0.9951803088188171,
      0.9993414878845215,
      0.9990001916885376,
      0.9993975162506104,
      0.9991631507873535,
      0.9943422675132751,
      0.9946607947349548,
      0.9995508790016174,
      0.9993330836296082,
      0.9967675805091858,
      0.9940369725227356,
      0.9989477396011353,
      0.9974057674407959,
      0.9993281364440918
    ],
    "r2_mean": 0.9979046690158355,
    "r2_std": 0.0020436947993076817,
    "r2_min": 0.9923055171966553,
    "r2_max": 0.9996873140335083
  },
  "test_metrics": {
    "r2": 0.9952887892723083,
    "rmse": 0.540282844581261,
    "mae": 0.23156039416790009,
    "r2_per_sample": [
      0.9845864176750183,
      0.9958624243736267,
      0.9996066689491272,
      0.9857465624809265,
      0.9960232377052307,
      0.9972895979881287,
      0.9978629350662231,
      0.9993410706520081,
      0.999312162399292,
      0.9974483847618103
    ],
    "r2_mean": 0.9953079462051392,
    "r2_std": 0.005224993465647272,
    "r2_min": 0.9845864176750183,
    "r2_max": 0.9996066689491272
  },
  "trained_date": "2025-11-12T12:18:38.813450",
  "n_train_samples": 39,
  "n_test_samples": 10,
  "n_modes": 8,
  "variance_explained": 0.9969707727432251
}