{
  "model_name": "2D_x-velocity_1",
  "output_key": "mid-plane_x-velocity",
  "output_type": "2D",
  "field_name": "x-velocity",
  "location": "mid-plane",
  "npz_key": "mid-plane|x-velocity",
  "n_points": 2337,
  "train_metrics": {
    "r2": 0.9975472688674927,
    "rmse": 0.0024846540766723254,
    "mae": 0.0015548267401754856,
    "r2_per_sample": [
      0.9977477788925171,
      0.9995763897895813,
      0.9990353584289551,
      0.9977041482925415,
      0.9990920424461365,
      0.9991051554679871,
      0.9986197352409363,
      0.9960424304008484,
      0.9934015274047852,
      0.9975053071975708,
      0.9977852702140808,
      0.9962564706802368,
      0.997590184211731,
      0.9992272257804871,
      0.9976842403411865,
      0.9610245227813721,
      0.9952068328857422,
      0.9984560608863831,
      0.9997755289077759,
      0.9967153668403625,
      0.9981395602226257,
      0.9957950115203857,
      0.9957553148269653,
      0.9935659170150757,
      0.9986163973808289,
      0.9941540956497192,
      0.9962279796600342,
      0.9948781132698059,
      0.9967857003211975,
      0.9987487196922302,
      0.9967015385627747,
      0.996707022190094,
      0.9988048076629639,
      0.9991183876991272,
      0.9939018487930298,
      0.9883989691734314,
      0.9908402562141418,
      0.9960198998451233,
      0.9980007410049438
    ],
    "r2_mean": 0.9958644066101465,
    "r2_std": 0.0061348198188329464,
    "r2_min": 0.9610245227813721,
    "r2_max": 0.9997755289077759
  },
  "test_metrics": {
    "r2": 0.9963036179542542,
    "rmse": 0.003578753568705915,
    "mae": 0.0020191834773868322,
    "r2_per_sample": [
      0.997093141078949,
      0.9911362528800964,
      0.9987075328826904,
      0.9776946306228638,
      0.9973872900009155,
      0.9972797632217407,
      0.9983336925506592,
      0.9974536895751953,
      0.9967713356018066,
      0.9987590909004211
    ],
    "r2_mean": 0.9950616419315338,
    "r2_std": 0.006146481596184456,
    "r2_min": 0.9776946306228638,
    "r2_max": 0.9987590909004211
  },
  "trained_date": "2025-11-12T12:19:00.245287",
  "n_train_samples": 39,
  "n_test_samples": 10,
  "n_modes": 8,
  "variance_explained": 0.9976105690002441
}