{
  "model_name": "2D_y-velocity_1",
  "output_key": "mid-plane_y-velocity",
  "output_type": "2D",
  "field_name": "y-velocity",
  "location": "mid-plane",
  "npz_key": "mid-plane|y-velocity",
  "n_points": 2337,
  "train_metrics": {
    "r2": 0.9956715703010559,
    "rmse": 0.025483855460666834,
    "mae": 0.013954825699329376,
    "r2_per_sample": [
      0.9742726683616638,
      0.9936830997467041,
      0.9737012386322021,
      0.995925784111023,
      0.9441617131233215,
      0.8654102683067322,
      0.9978527426719666,
      0.9930542707443237,
      0.9986763596534729,
      0.9886303544044495,
      0.9874528646469116,
      0.9945090413093567,
      0.9968440532684326,
      0.9902366995811462,
      0.9977024793624878,
      0.5455573201179504,
      0.9975485801696777,
      0.9974768757820129,
      0.9875081777572632,
      0.9915895462036133,
      0.968948245048523,
      0.9971728920936584,
      0.9312536716461182,
      0.9994181990623474,
      0.8847067952156067,
      0.9966440200805664,
      0.9997284412384033,
      0.9970690608024597,
      0.9986807703971863,
      0.9839014410972595,
      0.9973366260528564,
      0.9554488062858582,
      0.9991001486778259,
      0.9954397082328796,
      0.9934061765670776,
      0.9973025918006897,
      0.9731135368347168,
      0.9991776347160339,
      0.9996879696846008
    ],
    "r2_mean": 0.9712648941920354,
    "r2_std": 0.075062193436812,
    "r2_min": 0.5455573201179504,
    "r2_max": 0.9997284412384033
  },
  "test_metrics": {
    "r2": 0.9961297512054443,
    "rmse": 0.026714942387896456,
    "mae": 0.015280032530426979,
    "r2_per_sample": [
      0.9905615448951721,
      0.9991493821144104,
      0.9988297820091248,
      0.9915440678596497,
      0.9793280363082886,
      0.9939725399017334,
      0.9986608624458313,
      0.9994250535964966,
      0.998013973236084,
      0.9837453961372375
    ],
    "r2_mean": 0.9933230638504028,
    "r2_std": 0.006714209413694069,
    "r2_min": 0.9793280363082886,
    "r2_max": 0.9994250535964966
  },
  "trained_date": "2025-11-12T12:19:30.050785",
  "n_train_samples": 39,
  "n_test_samples": 10,
  "n_modes": 8,
  "variance_explained": 0.9998509883880615
}