{
  "model_name": "3D_pressure_1",
  "output_key": "fluid_pressure",
  "output_type": "3D",
  "field_name": "pressure",
  "location": "fluid",
  "npz_key": "fluid|pressure",
  "n_points": 17865,
  "train_metrics": {
    "r2": 0.9964103102684021,
    "rmse": 1.9085496257939016,
    "mae": 1.4230515956878662,
    "r2_per_sample": [
      0.9934374690055847,
      0.9989537000656128,
      0.9776097536087036,
      0.981326162815094,
      0.8888697028160095,
      0.9918959140777588,
      0.9971715211868286,
      0.9917418360710144,
      0.983034074306488,
      0.9796236157417297,
      0.9352003931999207,
      0.9641355276107788,
      0.9878422021865845,
      0.9824380874633789,
      0.9979707598686218,
      0.21628785133361816,
      0.9977291226387024,
      0.9939077496528625,
      0.9121519923210144,
      0.9919571280479431,
      0.8453966975212097,
      0.9927941560745239,
      0.8193188309669495,
      0.9634773135185242,
      0.7806209325790405,
      0.9994106292724609,
      0.9835466146469116,
      0.9219333529472351,
      0.9941798448562622,
      0.6460853815078735,
      0.9940581321716309,
      0.8055067658424377,
      0.9999772310256958,
      0.9245069622993469,
      0.16712826490402222,
      0.9991928935050964,
      0.8903235197067261,
      0.999656081199646,
      0.9776094555854797
    ],
    "r2_mean": 0.9094360929269057,
    "r2_std": 0.1832524419320157,
    "r2_min": 0.16712826490402222,
    "r2_max": 0.9999772310256958
  },
  "test_metrics": {
    "r2": 0.993962287902832,
    "rmse": 2.9995894151101283,
    "mae": 2.189847230911255,
    "r2_per_sample": [
      0.9904540181159973,
      0.9851570129394531,
      0.987047016620636,
      0.9928815960884094,
      0.8939773440361023,
      0.9779427647590637,
      0.7313504219055176,
      0.97576904296875,
      0.9996670484542847,
      0.968752920627594
    ],
    "r2_mean": 0.9502999186515808,
    "r2_std": 0.07828950232721689,
    "r2_min": 0.7313504219055176,
    "r2_max": 0.9996670484542847
  },
  "trained_date": "2025-11-12T12:19:59.048280",
  "n_train_samples": 39,
  "n_test_samples": 10,
  "n_modes": 12,
  "variance_explained": 0.9999935030937195
}