{
  "model_name": "3D_temperature_1",
  "output_key": "fluid_temperature",
  "output_type": "3D",
  "field_name": "temperature",
  "location": "fluid",
  "npz_key": "fluid|temperature",
  "n_points": 17865,
  "train_metrics": {
    "r2": 0.9985992908477783,
    "rmse": 0.24521426068247662,
    "mae": 0.1098761186003685,
    "r2_per_sample": [
      0.9978749752044678,
      0.9995425939559937,
      0.9990096688270569,
      0.9982528686523438,
      0.9997972249984741,
      0.9983067512512207,
      0.9997527599334717,
      0.9988367557525635,
      0.9994184970855713,
      0.998748779296875,
      0.9989373683929443,
      0.9995431303977966,
      0.9995735883712769,
      0.9997129440307617,
      0.9997053742408752,
      0.9990838766098022,
      0.9974629282951355,
      0.9996836185455322,
      0.999843955039978,
      0.9986013770103455,
      0.9990045428276062,
      0.9971060156822205,
      0.9997143149375916,
      0.9983196258544922,
      0.999177873134613,
      0.9962241053581238,
      0.9967377185821533,
      0.9994816780090332,
      0.9984049201011658,
      0.9983580112457275,
      0.9974706172943115,
      0.9978057146072388,
      0.9995163083076477,
      0.9993464350700378,
      0.9983975291252136,
      0.9960470199584961,
      0.9989985823631287,
      0.9957944750785828,
      0.9994349479675293
    ],
    "r2_mean": 0.9986417813178821,
    "r2_std": 0.0010921257596341984,
    "r2_min": 0.9957944750785828,
    "r2_max": 0.999843955039978
  },
  "test_metrics": {
    "r2": 0.9976782202720642,
    "rmse": 0.30889405957308297,
    "mae": 0.13650833070278168,
    "r2_per_sample": [
      0.9933972954750061,
      0.9954478740692139,
      0.9989829659461975,
      0.9968196749687195,
      0.9985679984092712,
      0.9976157546043396,
      0.9985743165016174,
      0.9994783997535706,
      0.9988515377044678,
      0.9988893866539001
    ],
    "r2_mean": 0.9976625204086303,
    "r2_std": 0.001828130117650433,
    "r2_min": 0.9933972954750061,
    "r2_max": 0.9994783997535706
  },
  "trained_date": "2025-11-12T12:20:27.582032",
  "n_train_samples": 39,
  "n_test_samples": 10,
  "n_modes": 12,
  "variance_explained": 0.9981449246406555
}